-- 건축 공종 초기 데이터 시딩

-- 대분류: 건축 공종
INSERT INTO work_types (id, name, description, parent_id, sort_order) VALUES
  ('a0000000-0000-0000-0000-000000000001', '철근공사', '철근 배근 및 조립 관련 검측', NULL, 1),
  ('a0000000-0000-0000-0000-000000000002', '콘크리트공사', '콘크리트 타설 및 양생 관련 검측', NULL, 2),
  ('a0000000-0000-0000-0000-000000000003', '방수공사', '방수층 시공 관련 검측', NULL, 3),
  ('a0000000-0000-0000-0000-000000000004', '미장공사', '미장 시공 관련 검측', NULL, 4),
  ('a0000000-0000-0000-0000-000000000005', '타일공사', '타일 시공 관련 검측', NULL, 5),
  ('a0000000-0000-0000-0000-000000000006', '석공사', '석재 시공 관련 검측', NULL, 6),
  ('a0000000-0000-0000-0000-000000000007', '도장공사', '도장 시공 관련 검측', NULL, 7),
  ('a0000000-0000-0000-0000-000000000008', '창호공사', '창호 설치 관련 검측', NULL, 8),
  ('a0000000-0000-0000-0000-000000000009', '금속공사', '금속재 시공 관련 검측', NULL, 9),
  ('a0000000-0000-0000-0000-000000000010', '조적공사', '조적 시공 관련 검측', NULL, 10)
ON CONFLICT (id) DO NOTHING;

-- 철근공사 체크리스트 템플릿
INSERT INTO checklist_templates (id, work_type_id, name, description) VALUES
  ('b0000000-0000-0000-0000-000000000001', 'a0000000-0000-0000-0000-000000000001', '철근 배근 검측', '철근 배근 상태 확인을 위한 체크리스트')
ON CONFLICT (id) DO NOTHING;

INSERT INTO checklist_items (template_id, item_text, sort_order, is_required) VALUES
  ('b0000000-0000-0000-0000-000000000001', '철근 규격 확인 (직경, 등급)', 1, true),
  ('b0000000-0000-0000-0000-000000000001', '철근 간격 확인', 2, true),
  ('b0000000-0000-0000-0000-000000000001', '피복 두께 확인', 3, true),
  ('b0000000-0000-0000-0000-000000000001', '이음 및 정착 길이 확인', 4, true),
  ('b0000000-0000-0000-0000-000000000001', '배근 형상 확인', 5, true),
  ('b0000000-0000-0000-0000-000000000001', '스페이서 설치 상태', 6, false),
  ('b0000000-0000-0000-0000-000000000001', '청소 상태 확인', 7, false);

-- 콘크리트공사 체크리스트 템플릿
INSERT INTO checklist_templates (id, work_type_id, name, description) VALUES
  ('b0000000-0000-0000-0000-000000000002', 'a0000000-0000-0000-0000-000000000002', '콘크리트 타설 검측', '콘크리트 타설 전/중/후 확인을 위한 체크리스트')
ON CONFLICT (id) DO NOTHING;

INSERT INTO checklist_items (template_id, item_text, sort_order, is_required) VALUES
  ('b0000000-0000-0000-0000-000000000002', '배합설계 확인', 1, true),
  ('b0000000-0000-0000-0000-000000000002', '슬럼프 시험 결과 확인', 2, true),
  ('b0000000-0000-0000-0000-000000000002', '공기량 시험 결과 확인', 3, true),
  ('b0000000-0000-0000-0000-000000000002', '온도 측정 (외기온, 콘크리트 온도)', 4, true),
  ('b0000000-0000-0000-0000-000000000002', '타설 전 거푸집/철근 점검', 5, true),
  ('b0000000-0000-0000-0000-000000000002', '다짐 상태 확인', 6, true),
  ('b0000000-0000-0000-0000-000000000002', '양생 계획 확인', 7, false);

-- 방수공사 체크리스트 템플릿
INSERT INTO checklist_templates (id, work_type_id, name, description) VALUES
  ('b0000000-0000-0000-0000-000000000003', 'a0000000-0000-0000-0000-000000000003', '방수층 시공 검측', '방수층 시공 상태 확인을 위한 체크리스트')
ON CONFLICT (id) DO NOTHING;

INSERT INTO checklist_items (template_id, item_text, sort_order, is_required) VALUES
  ('b0000000-0000-0000-0000-000000000003', '바탕면 건조 상태 확인', 1, true),
  ('b0000000-0000-0000-0000-000000000003', '바탕면 청소 상태', 2, true),
  ('b0000000-0000-0000-0000-000000000003', '프라이머 도포 상태', 3, true),
  ('b0000000-0000-0000-0000-000000000003', '방수재 두께 확인', 4, true),
  ('b0000000-0000-0000-0000-000000000003', '이음부 처리 상태', 5, true),
  ('b0000000-0000-0000-0000-000000000003', '단부 처리 상태', 6, true),
  ('b0000000-0000-0000-0000-000000000003', '누수 시험 실시 여부', 7, false);

-- 타일공사 체크리스트 템플릿
INSERT INTO checklist_templates (id, work_type_id, name, description) VALUES
  ('b0000000-0000-0000-0000-000000000004', 'a0000000-0000-0000-0000-000000000005', '타일 시공 검측', '타일 시공 상태 확인을 위한 체크리스트')
ON CONFLICT (id) DO NOTHING;

INSERT INTO checklist_items (template_id, item_text, sort_order, is_required) VALUES
  ('b0000000-0000-0000-0000-000000000004', '타일 규격 및 품질 확인', 1, true),
  ('b0000000-0000-0000-0000-000000000004', '바탕면 상태 확인', 2, true),
  ('b0000000-0000-0000-0000-000000000004', '줄눈 간격 확인', 3, true),
  ('b0000000-0000-0000-0000-000000000004', '접착제 도포 상태', 4, true),
  ('b0000000-0000-0000-0000-000000000004', '타일 부착 상태 (들뜸 확인)', 5, true),
  ('b0000000-0000-0000-0000-000000000004', '줄눈 시공 상태', 6, true),
  ('b0000000-0000-0000-0000-000000000004', '모서리/단부 처리 상태', 7, false);

-- 샘플 프로젝트 추가
INSERT INTO projects (id, name, location, client_name, contractor_name, start_date, end_date) VALUES
  ('c0000000-0000-0000-0000-000000000001', '신축 아파트 현장', '서울시 강남구', '(주)발주사', '(주)시공사', '2024-01-01', '2025-12-31')
ON CONFLICT (id) DO NOTHING;
